Feature_1,Feature_2,Feature_3,Feature_4,Feature_5,Feature_6,Feature_7,Feature_8,Feature_9,Feature_10,Feature_11,Feature_12,Feature_13,Feature_14,Feature_15,Feature_16,Feature_17,Feature_18,Feature_19,Feature_20,Feature_21,Feature_22,Feature_23,Feature_24,Feature_25,Feature_26,Feature_27,Feature_28,Feature_29,Feature_30
11.81,17.39,75.27,428.9,0.1007,0.05562,0.023529999999999995,0.015530000000000002,0.1718,0.0578,0.1859,1.9260000000000002,1.011,14.469999999999999,0.007831,0.008775999999999999,0.015559999999999997,0.00624,0.03139,0.001988,12.57,26.48,79.57,489.5,0.1356,0.1,0.08803,0.04305999999999999,0.32,0.06576
